{"posicion":{"x":-2.1352672576904299,"y":-2.372500419616699,"z":0.0}}