{"posicion":{"x":1.511695384979248,"y":-2.372500419616699,"z":0.0}}